{
  "loss": [
    0.46891042590141296,
    0.34205362200737,
    0.32142114639282227,
    0.29570916295051575,
    0.2823791205883026
  ],
  "recall": [
    0.8468468189239502,
    0.8545688390731812,
    0.8622908592224121,
    0.8751608729362488,
    0.877734899520874
  ],
  "val_loss": [
    0.23969148099422455,
    0.19617585837841034,
    0.17586201429367065,
    0.16525481641292572,
    0.16683289408683777
  ],
  "val_recall": [
    0.9041916131973267,
    0.9041916131973267,
    0.910179615020752,
    0.8982036113739014,
    0.9041916131973267
  ]
}