{
  "train": {
    "recall": 0.9021879021879022,
    "accuracy": 0.9637898955202518,
    "precision": 0.6198054818744474,
    "f1": 0.7348008385744235
  },
  "validation": {
    "recall": 0.9041916167664671,
    "accuracy": 0.9636060100166944,
    "precision": 0.6188524590163934,
    "f1": 0.7347931873479319
  },
  "test": {
    "recall": 0.927710843373494,
    "accuracy": 0.968948247078464,
    "precision": 0.6553191489361702,
    "f1": 0.7680798004987531
  }
}